{
  "n_pairs": 16,
  "n_mismatches": 0,
  "matches_phase1": true,
  "records": [
    {
      "pair_id": 25,
      "cell": "D1xR0",
      "late20_success_count": 0,
      "late20_min_v1": 29.406848113638716,
      "late20_reexec_costs": [
        29.52825297061485,
        29.52825297061485,
        29.52825297061485,
        29.52825297061485,
        29.52825297061485,
        29.406848113638716,
        29.52825297061485,
        29.52825297061485,
        29.52825297061485,
        29.52825297061485,
        29.52825297061485,
        29.52825297061485,
        29.52825297061485,
        29.52825297061485,
        29.52825297061485,
        29.52825297061485,
        29.868361758889634,
        29.576006833690684,
        29.52825297061485,
        29.52825297061485
      ],
      "late20_planner_success_count": 0,
      "late20_planner_min_v1": 28.400261757044085,
      "late20_planner_costs": [
        28.400261757044085,
        28.771948962022776,
        28.979279020017373,
        29.19320762727076,
        29.21403910504401,
        29.270897576621763,
        29.32092557399661,
        29.41616970168993,
        29.42156641079049,
        29.447458227331104,
        29.522987637257593,
        29.52825297061485,
        29.52825297061485,
        29.52825297061485,
        29.52825297061485,
        29.52825297061485,
        29.52825297061485,
        29.52825297061485,
        29.52825297061485,
        29.52825297061485
      ],
      "phase1_late20_success_count": 0,
      "phase1_late20_min_v1": 29.406848113638716,
      "success_count_diff": 0,
      "min_v1_abs_diff": 0.0,
      "matches_phase1": true
    },
    {
      "pair_id": 46,
      "cell": "D1xR3",
      "late20_success_count": 1,
      "late20_min_v1": 0.0,
      "late20_reexec_costs": [
        0.9643350440797253,
        0.21239781080572903,
        0.0,
        0.9935324419139704,
        0.1348682948692037,
        0.14148749605247057,
        0.15463663763743768,
        0.1622815552524557,
        0.166838083121295,
        1.990939797089322,
        0.18834020016738307,
        0.19111808780202102,
        0.3278290164566524,
        0.23331196618983105,
        0.24196842731893958,
        0.2532939849761878,
        0.2533263492703064,
        0.2642250963780306,
        6.375128942293786,
        0.33528991764782745
      ],
      "late20_planner_success_count": 3,
      "late20_planner_min_v1": 0.0,
      "late20_planner_costs": [
        0.0,
        0.0,
        0.0,
        0.12345592124600557,
        0.1348682948692037,
        0.14148749605247057,
        0.15463663763743768,
        0.1622815552524557,
        0.166838083121295,
        0.18654585853166336,
        0.18834020016738307,
        0.19111808780202102,
        0.23159661741707402,
        0.23331196618983105,
        0.24196842731893958,
        0.2532939849761878,
        0.2533263492703064,
        0.2642250963780306,
        0.29197362702336915,
        0.33528991764782745
      ],
      "phase1_late20_success_count": 1,
      "phase1_late20_min_v1": 0.0,
      "success_count_diff": 0,
      "min_v1_abs_diff": 0.0,
      "matches_phase1": true
    },
    {
      "pair_id": 60,
      "cell": "D2xR2",
      "late20_success_count": 20,
      "late20_min_v1": 0.0,
      "late20_reexec_costs": [
        0.0,
        0.0,
        0.0,
        0.0,
        0.0,
        0.0,
        0.0,
        0.0,
        0.0,
        0.0,
        0.0,
        0.0,
        0.0,
        0.0,
        0.0,
        0.0,
        0.0,
        0.0,
        0.0,
        0.0
      ],
      "late20_planner_success_count": 20,
      "late20_planner_min_v1": 0.0,
      "late20_planner_costs": [
        0.0,
        0.0,
        0.0,
        0.0,
        0.0,
        0.0,
        0.0,
        0.0,
        0.0,
        0.0,
        0.0,
        0.0,
        0.0,
        0.0,
        0.0,
        0.0,
        0.0,
        0.0,
        0.0,
        0.0
      ],
      "phase1_late20_success_count": 20,
      "phase1_late20_min_v1": 0.0,
      "success_count_diff": 0,
      "min_v1_abs_diff": 0.0,
      "matches_phase1": true
    },
    {
      "pair_id": 61,
      "cell": "D2xR2",
      "late20_success_count": 20,
      "late20_min_v1": 0.0,
      "late20_reexec_costs": [
        0.0,
        0.0,
        0.0,
        0.0,
        0.0,
        0.0,
        0.0,
        0.0,
        0.0,
        0.0,
        0.0,
        0.0,
        0.0,
        0.0,
        0.0,
        0.0,
        0.0,
        0.0,
        0.0,
        0.0
      ],
      "late20_planner_success_count": 20,
      "late20_planner_min_v1": 0.0,
      "late20_planner_costs": [
        0.0,
        0.0,
        0.0,
        0.0,
        0.0,
        0.0,
        0.0,
        0.0,
        0.0,
        0.0,
        0.0,
        0.0,
        0.0,
        0.0,
        0.0,
        0.0,
        0.0,
        0.0,
        0.0,
        0.0
      ],
      "phase1_late20_success_count": 20,
      "phase1_late20_min_v1": 0.0,
      "success_count_diff": 0,
      "min_v1_abs_diff": 0.0,
      "matches_phase1": true
    },
    {
      "pair_id": 67,
      "cell": "D2xR3",
      "late20_success_count": 0,
      "late20_min_v1": 86.18466085895481,
      "late20_reexec_costs": [
        86.48330420586852,
        86.18466085895481,
        86.39761712481531,
        87.05626757430558,
        86.76092739225813,
        86.55916153136585,
        86.36135175311719,
        86.36808942913412,
        86.38123030512905,
        86.40325725356475,
        86.40722752379988,
        87.31058159240715,
        86.43125379558099,
        86.45555616610368,
        86.48182640409317,
        86.48639623544337,
        86.49787228932047,
        86.49907848954794,
        86.50628642861538,
        86.52452649816267
      ],
      "late20_planner_success_count": 0,
      "late20_planner_min_v1": 85.96876855597586,
      "late20_planner_costs": [
        85.96876855597586,
        86.1674713978027,
        86.1759908568737,
        86.30265359671164,
        86.32525864371559,
        86.35337501356128,
        86.36293783608077,
        86.36808942913412,
        86.38123030512905,
        86.40325725356475,
        86.40722752379988,
        86.4240224577208,
        86.43125379558099,
        86.45555616610368,
        86.48182640409317,
        86.48639623544337,
        86.49787228932047,
        86.49907848954794,
        86.50628642861538,
        86.52452649816267
      ],
      "phase1_late20_success_count": 0,
      "phase1_late20_min_v1": 86.18466085895481,
      "success_count_diff": 0,
      "min_v1_abs_diff": 0.0,
      "matches_phase1": true
    },
    {
      "pair_id": 70,
      "cell": "D2xR3",
      "late20_success_count": 20,
      "late20_min_v1": 0.0,
      "late20_reexec_costs": [
        0.0,
        0.0,
        0.0,
        0.0,
        0.0,
        0.0,
        0.0,
        0.0,
        0.0,
        0.0,
        0.0,
        0.0,
        0.0,
        0.0,
        0.0,
        0.0,
        0.0,
        0.0,
        0.0,
        0.0
      ],
      "late20_planner_success_count": 20,
      "late20_planner_min_v1": 0.0,
      "late20_planner_costs": [
        0.0,
        0.0,
        0.0,
        0.0,
        0.0,
        0.0,
        0.0,
        0.0,
        0.0,
        0.0,
        0.0,
        0.0,
        0.0,
        0.0,
        0.0,
        0.0,
        0.0,
        0.0,
        0.0,
        0.0
      ],
      "phase1_late20_success_count": 20,
      "phase1_late20_min_v1": 0.0,
      "success_count_diff": 0,
      "min_v1_abs_diff": 0.0,
      "matches_phase1": true
    },
    {
      "pair_id": 71,
      "cell": "D2xR3",
      "late20_success_count": 20,
      "late20_min_v1": 0.0,