{
  "metadata": {
    "split": 1,
    "k": 90,
    "prefilter": "euclidean",
    "oracle_iters": "all",
    "oracle_iterations": [
      0,
      1,
      2,
      3,
      4,
      5,
      6,
      7,
      8,
      9,
      10,
      11,
      12,
      13,
      14,
      15,
      16,
      17,
      18,
      19,
      20,
      21,
      22,
      23,
      24,
      25,
      26,
      27,
      28,
      29
    ],
    "seed": 0,
    "device": "mps",
    "pairs": [
      7,
      29,
      33,
      41,
      48,
      54,
      56,
      59,
      63,
      69,
      76,
      77,
      78,
      79,
      95
    ],
    "output_path": "/Users/fengye/Desktop/Project/leWM/lewm-failure-audit/results/phase2/p2_0/oracle_budget_cem_corrected/split1_k90.json",
    "cem_config": {
      "num_samples": 300,
      "iterations": 30,
      "topk": 30,
      "var_scale": 1.0,
      "planning_horizon": 5,
      "receding_horizon": 5,
      "action_block": 5,
      "eval_budget": 100,
      "offset": 50
    }
  },
  "records": [
    {
      "pair_id": 7,
      "cell": "D0xR1",
      "episode_id": 3815,
      "start_row": 469368,
      "goal_row": 469418,
      "result": {
        "success": true,
        "env_success": true,
        "block_pos_dist": 2.783095121383667,
        "angle_dist": 0.04193878173828125,
        "c_real_state": 2.8250339031219482,
        "oracle_rollouts": 10800,
        "oracle_env_steps": 270000,
        "cem_solves": 4,
        "elapsed_seconds": 41.32602024078369
      }
    },
    {
      "pair_id": 29,
      "cell": "D1xR0",
      "episode_id": 18084,
      "start_row": 2278026,
      "goal_row": 2278076,
      "result": {
        "success": true,
        "env_success": true,
        "block_pos_dist": 4.882877349853516,
        "angle_dist": 0.061616480350494385,
        "c_real_state": 4.94449383020401,
        "oracle_rollouts": 10800,
        "oracle_env_steps": 270000,
        "cem_solves": 4,
        "elapsed_seconds": 40.98243808746338
      }
    },
    {
      "pair_id": 33,
      "cell": "D1xR1",
      "episode_id": 11768,
      "start_row": 1474494,
      "goal_row": 1474544,
      "result": {
        "success": false,
        "env_success": false,
        "block_pos_dist": 50.600868225097656,
        "angle_dist": 0.4477173089981079,
        "c_real_state": 51.048585534095764,
        "oracle_rollouts": 10800,
        "oracle_env_steps": 270000,
        "cem_solves": 4,
        "elapsed_seconds": 39.81813621520996
      }
    },
    {
      "pair_id": 41,
      "cell": "D1xR2",
      "episode_id": 9645,
      "start_row": 1181213,
      "goal_row": 1181263,
      "result": {
        "success": true,
        "env_success": true,
        "block_pos_dist": 12.498283386230469,
        "angle_dist": 0.027882814407348633,
        "c_real_state": 12.526166200637817,
        "oracle_rollouts": 10800,
        "oracle_env_steps": 270000,
        "cem_solves": 4,
        "elapsed_seconds": 38.147181272506714
      }
    },
    {
      "pair_id": 48,
      "cell": "D2xR0",
      "episode_id": 2181,
      "start_row": 261228,
      "goal_row": 261278,
      "result": {
        "success": false,
        "env_success": false,
        "block_pos_dist": 50.96318435668945,
        "angle_dist": 0.10727274417877197,
        "c_real_state": 51.070457100868225,
        "oracle_rollouts": 10800,
        "oracle_env_steps": 270000,
        "cem_solves": 4,
        "elapsed_seconds": 38.06474018096924
      }
    },
    {
      "pair_id": 54,
      "cell": "D2xR1",
      "episode_id": 2201,
      "start_row": 262802,
      "goal_row": 262852,
      "result": {
        "success": true,
        "env_success": true,
        "block_pos_dist": 7.280106544494629,
        "angle_dist": 0.059760093688964844,
        "c_real_state": 7.339866638183594,
        "oracle_rollouts": 10800,
        "oracle_env_steps": 270000,
        "cem_solves": 4,
        "elapsed_seconds": 39.10277700424194
      }
    },
    {
      "pair_id": 56,
      "cell": "D2xR1",
      "episode_id": 9562,
      "start_row": 1171287,
      "goal_row": 1171337,
      "result": {
        "success": true,
        "env_success": false,
        "block_pos_dist": 6.212778568267822,
        "angle_dist": 0.11108613014221191,
        "c_real_state": 6.323864698410034,
        "oracle_rollouts": 10800,
        "oracle_env_steps": 270000,
        "cem_solves": 4,
        "elapsed_seconds": 39.82668209075928
      }
    },
    {
      "pair_id": 59,
      "cell": "D2xR1",
      "episode_id": 13007,
      "start_row": 1632978,
      "goal_row": 1633028,
      "result": {
        "success": true,
        "env_success": true,
        "block_pos_dist": 2.7698841094970703,
        "angle_dist": 0.07062369585037231,
        "c_real_state": 2.8405078053474426,
        "oracle_rollouts": 10800,
        "oracle_env_steps": 270000,
        "cem_solves": 4,
        "elapsed_seconds": 38.03778886795044
      }
    },
    {
      "pair_id": 63,
      "cell": "D2xR2",
      "episode_id": 14379,
      "start_row": 1810413,
      "goal_row": 1810463,
      "result": {
        "success": false,
        "env_success": false,
        "block_pos_dist": 72.11050415039062,
        "angle_dist": 0.3828890919685364,
        "c_real_state": 72.49339324235916,
        "oracle_rollouts": 10800,
        "oracle_env_steps": 270000,
        "cem_solves": 4,
        "elapsed_seconds": 37.067596197128296
      }
    },
    {
      "pair_id": 69,
      "cell": "D2xR3",
      "episode_id": 3504,
      "start_row": 427894,
      "goal_row": 427944,
      "result": {
        "success": true,
        "env_success": true,
        "block_pos_dist": 14.365117073059082,
        "angle_dist": 0.20003414154052734,
        "c_real_state": 14.56515121459961,
        "oracle_rollouts": 10800,
        "oracle_env_steps": 270000,
        "cem_solves": 4,
        "elapsed_seconds": 39.053611755371094
      }
    },
    {
      "pair_id": 76,
      "cell": "D3xR0",
      "episode_id": 1022,
      "start_row": 126986,
      "goal_row": 127036,
      "result": {
        "success": true,
        "env_success": false,
        "block_pos_dist": 15.277579307556152,
        "angle_dist": 0.012522339820861816,
        "c_real_state": 15.290101647377014,
        "oracle_rollouts": 10800,
        "oracle_env_steps": 270000,
        "cem_solves": 4,
        "elapsed_seconds": 38.32151484489441
      }
    },
    {
      "pair_id": 77,
      "cell": "D3xR0",
      "episode_id": 10904,
      "start_row": 1350425,
      "goal_row": 1350475,
      "result": {
        "success": true,
        "env_success": true,
        "block_pos_dist": 4.9651970863342285,
        "angle_dist": 0.07121086120605469,
        "c_real_state": 5.036407947540283,
        "oracle_rollouts": 10800,
        "oracle_env_steps": 270000,
        "cem_solves": 4,
        "elapsed_seconds": 43.25562500953674
      }
    },
    {
      "pair_id": 78,
      "cell": "D3xR0",
      "episode_id": 10116,
      "start_row": 1236973,
      "goal_row": 1237023,
      "result": {
        "success": true,
        "env_success": true,
        "block_pos_dist": 7.245032787322998,
        "angle_dist": 0.014144062995910645,
        "c_real_state": 7.259176850318909,
        "oracle_rollouts": 10800,
        "oracle_env_steps": 270000,
        "cem_solves": 4,
        "elapsed_seconds": 39.049947023391724
      }
    },
    {
      "pair_id": 79,
      "cell": "D3xR0",
      "episode_id": 5445,
      "start_row": 689834,
      "goal_row": 689884,
      "result": {
        "success": true,
        "env_success": true,
        "block_pos_dist": 5.02133321762085,
        "angle_dist": 0.26891613006591797,
        "c_real_state": 5.290249347686768,
        "oracle_rollouts": 10800,
        "oracle_env_steps": 270000,
        "cem_solves": 4,
        "elapsed_seconds": 38.62987017631531
      }
    },
    {
      "pair_id": 95,
      "cell": "D3xR3",
      "episode_id": 8838,