{
  "metadata": {
    "split": 3,
    "k": 60,
    "prefilter": "euclidean",
    "oracle_iters": "all",
    "oracle_iterations": [
      0,
      1,
      2,
      3,
      4,
      5,
      6,
      7,
      8,
      9,
      10,
      11,
      12,
      13,
      14,
      15,
      16,
      17,
      18,
      19,
      20,
      21,
      22,
      23,
      24,
      25,
      26,
      27,
      28,
      29
    ],
    "seed": 0,
    "device": "mps",
    "pairs": [
      25,
      46,
      60,
      61,
      67,
      70,
      71,
      73,
      78,
      86,
      87,
      93,
      94,
      96,
      97,
      99
    ],
    "output_path": "/Users/fengye/Desktop/Project/leWM/lewm-failure-audit/results/phase2/p2_0/oracle_budget_cem_corrected/split3_k60.json",
    "cem_config": {
      "num_samples": 300,
      "iterations": 30,
      "topk": 30,
      "var_scale": 1.0,
      "planning_horizon": 5,
      "receding_horizon": 5,
      "action_block": 5,
      "eval_budget": 100,
      "offset": 50
    }
  },
  "records": [
    {
      "pair_id": 25,
      "cell": "D1xR0",
      "episode_id": 2388,
      "start_row": 283639,
      "goal_row": 283689,
      "result": {
        "success": false,
        "env_success": false,
        "block_pos_dist": 49.52825164794922,
        "angle_dist": 0.12560594081878662,
        "c_real_state": 49.653857588768005,
        "oracle_rollouts": 7200,
        "oracle_env_steps": 180000,
        "cem_solves": 4,
        "elapsed_seconds": 30.837599992752075
      }
    },
    {
      "pair_id": 46,
      "cell": "D1xR3",
      "episode_id": 3363,
      "start_row": 410963,
      "goal_row": 411013,
      "result": {
        "success": true,
        "env_success": true,
        "block_pos_dist": 11.187536239624023,
        "angle_dist": 0.027073323726654053,
        "c_real_state": 11.214609563350677,
        "oracle_rollouts": 7200,
        "oracle_env_steps": 180000,
        "cem_solves": 4,
        "elapsed_seconds": 29.82244896888733
      }
    },
    {
      "pair_id": 60,
      "cell": "D2xR2",
      "episode_id": 3789,
      "start_row": 465802,
      "goal_row": 465852,
      "result": {
        "success": true,
        "env_success": true,
        "block_pos_dist": 12.015021324157715,
        "angle_dist": 0.06001836061477661,
        "c_real_state": 12.075039684772491,
        "oracle_rollouts": 7200,
        "oracle_env_steps": 180000,
        "cem_solves": 4,
        "elapsed_seconds": 28.66361403465271
      }
    },
    {
      "pair_id": 61,
      "cell": "D2xR2",
      "episode_id": 7711,
      "start_row": 956737,
      "goal_row": 956787,
      "result": {
        "success": false,
        "env_success": false,
        "block_pos_dist": 61.16164016723633,
        "angle_dist": 0.7887907067881983,
        "c_real_state": 61.950430874024526,
        "oracle_rollouts": 7200,
        "oracle_env_steps": 180000,
        "cem_solves": 4,
        "elapsed_seconds": 29.973199129104614
      }
    },
    {
      "pair_id": 67,
      "cell": "D2xR3",
      "episode_id": 14179,
      "start_row": 1785862,
      "goal_row": 1785912,
      "result": {
        "success": false,
        "env_success": false,
        "block_pos_dist": 128.86851501464844,
        "angle_dist": 1.4428739547729492,
        "c_real_state": 130.3113889694214,
        "oracle_rollouts": 7200,
        "oracle_env_steps": 180000,
        "cem_solves": 4,
        "elapsed_seconds": 30.318795919418335
      }
    },
    {
      "pair_id": 70,
      "cell": "D2xR3",
      "episode_id": 15152,
      "start_row": 1902386,
      "goal_row": 1902436,
      "result": {
        "success": false,
        "env_success": false,
        "block_pos_dist": 45.561004638671875,
        "angle_dist": 1.6209874788867396,
        "c_real_state": 47.181992117558615,
        "oracle_rollouts": 7200,
        "oracle_env_steps": 180000,
        "cem_solves": 4,
        "elapsed_seconds": 29.467029809951782
      }
    },
    {
      "pair_id": 71,
      "cell": "D2xR3",
      "episode_id": 6461,
      "start_row": 803551,
      "goal_row": 803601,
      "result": {
        "success": true,
        "env_success": true,
        "block_pos_dist": 9.690979957580566,
        "angle_dist": 0.0983133316040039,
        "c_real_state": 9.78929328918457,
        "oracle_rollouts": 7200,
        "oracle_env_steps": 180000,
        "cem_solves": 4,
        "elapsed_seconds": 30.545688152313232
      }
    },
    {
      "pair_id": 73,
      "cell": "D2xR3",
      "episode_id": 4709,
      "start_row": 579221,
      "goal_row": 579271,
      "result": {
        "success": false,
        "env_success": false,
        "block_pos_dist": 24.096641540527344,
        "angle_dist": 1.759329080581665,
        "c_real_state": 25.85597062110901,
        "oracle_rollouts": 7200,
        "oracle_env_steps": 180000,
        "cem_solves": 4,
        "elapsed_seconds": 31.936013221740723
      }
    },
    {
      "pair_id": 78,
      "cell": "D3xR0",
      "episode_id": 10116,
      "start_row": 1236973,
      "goal_row": 1237023,
      "result": {
        "success": true,
        "env_success": true,
        "block_pos_dist": 4.974156379699707,
        "angle_dist": 0.08044785261154175,
        "c_real_state": 5.054604232311249,
        "oracle_rollouts": 7200,
        "oracle_env_steps": 180000,
        "cem_solves": 4,
        "elapsed_seconds": 28.846688985824585
      }
    },
    {
      "pair_id": 86,
      "cell": "D3xR1",
      "episode_id": 8060,
      "start_row": 991930,
      "goal_row": 991980,
      "result": {
        "success": false,
        "env_success": false,
        "block_pos_dist": 63.392642974853516,
        "angle_dist": 0.47506940364837646,
        "c_real_state": 63.86771237850189,
        "oracle_rollouts": 7200,
        "oracle_env_steps": 180000,
        "cem_solves": 4,
        "elapsed_seconds": 31.956443786621094
      }
    },
    {
      "pair_id": 87,
      "cell": "D3xR2",
      "episode_id": 16731,
      "start_row": 2108182,
      "goal_row": 2108232,
      "result": {
        "success": true,
        "env_success": true,
        "block_pos_dist": 8.968575477600098,
        "angle_dist": 0.03010416030883789,
        "c_real_state": 8.998679637908936,
        "oracle_rollouts": 7200,
        "oracle_env_steps": 180000,
        "cem_solves": 4,
        "elapsed_seconds": 30.361818313598633
      }
    },
    {
      "pair_id": 93,
      "cell": "D3xR3",
      "episode_id": 4928,
      "start_row": 611861,
      "goal_row": 611911,
      "result": {
        "success": false,
        "env_success": false,
        "block_pos_dist": 40.18376541137695,
        "angle_dist": 1.2488207817077637,
        "c_real_state": 41.43258619308472,
        "oracle_rollouts": 7200,
        "oracle_env_steps": 180000,
        "cem_solves": 4,
        "elapsed_seconds": 29.330482959747314
      }
    },
    {
      "pair_id": 94,
      "cell": "D3xR3",
      "episode_id": 112,
      "start_row": 12473,
      "goal_row": 12523,
      "result": {
        "success": true,
        "env_success": true,
        "block_pos_dist": 19.56355857849121,
        "angle_dist": 0.09307432174682617,
        "c_real_state": 19.656632900238037,
        "oracle_rollouts": 7200,
        "oracle_env_steps": 180000,
        "cem_solves": 4,
        "elapsed_seconds": 29.951497077941895
      }
    },
    {
      "pair_id": 96,
      "cell": "D3xR3",
      "episode_id": 16559,
      "start_row": 2085670,
      "goal_row": 2085720,
      "result": {
        "success": true,
        "env_success": true,
        "block_pos_dist": 12.054195404052734,
        "angle_dist": 0.13830754160881042,
        "c_real_state": 12.192502945661545,
        "oracle_rollouts": 7200,
        "oracle_env_steps": 180000,
        "cem_solves": 4,
        "elapsed_seconds": 32.038301944732666
      }
    },
    {
      "pair_id": 97,
      "cell": "D3xR3",
      "episode_id": 10948,