{
  "metadata": {
    "split": 1,
    "k": 300,
    "prefilter": "euclidean",
    "oracle_iters": "all",
    "oracle_iterations": [
      0,
      1,
      2,
      3,
      4,
      5,
      6,
      7,
      8,
      9,
      10,
      11,
      12,
      13,
      14,
      15,
      16,
      17,
      18,
      19,
      20,
      21,
      22,
      23,
      24,
      25,
      26,
      27,
      28,
      29
    ],
    "seed": 0,
    "device": "mps",
    "pairs": [
      7,
      29,
      33,
      41,
      48,
      54,
      56,
      59,
      63,
      69,
      76,
      77,
      78,
      79,
      95
    ],
    "output_path": "/Users/fengye/Desktop/Project/leWM/lewm-failure-audit/results/phase2/p2_0/oracle_budget_cem_corrected/split1_k300.json",
    "cem_config": {
      "num_samples": 300,
      "iterations": 30,
      "topk": 30,
      "var_scale": 1.0,
      "planning_horizon": 5,
      "receding_horizon": 5,
      "action_block": 5,
      "eval_budget": 100,
      "offset": 50
    }
  },
  "records": [
    {
      "pair_id": 7,
      "cell": "D0xR1",
      "episode_id": 3815,
      "start_row": 469368,
      "goal_row": 469418,
      "result": {
        "success": true,
        "env_success": false,
        "block_pos_dist": 7.132277011871338,
        "angle_dist": 0.2509026527404785,
        "c_real_state": 7.383179664611816,
        "oracle_rollouts": 36000,
        "oracle_env_steps": 900000,
        "cem_solves": 4,
        "elapsed_seconds": 100.66303586959839
      }
    },
    {
      "pair_id": 29,
      "cell": "D1xR0",
      "episode_id": 18084,
      "start_row": 2278026,
      "goal_row": 2278076,
      "result": {
        "success": false,
        "env_success": false,
        "block_pos_dist": 34.660743713378906,
        "angle_dist": 0.16450029611587524,
        "c_real_state": 34.82524400949478,
        "oracle_rollouts": 36000,
        "oracle_env_steps": 900000,
        "cem_solves": 4,
        "elapsed_seconds": 103.07365608215332
      }
    },
    {
      "pair_id": 33,
      "cell": "D1xR1",
      "episode_id": 11768,
      "start_row": 1474494,
      "goal_row": 1474544,
      "result": {
        "success": true,
        "env_success": true,
        "block_pos_dist": 5.40532112121582,
        "angle_dist": 0.0485612154006958,
        "c_real_state": 5.453882336616516,
        "oracle_rollouts": 36000,
        "oracle_env_steps": 900000,
        "cem_solves": 4,
        "elapsed_seconds": 105.83884525299072
      }
    },
    {
      "pair_id": 41,
      "cell": "D1xR2",
      "episode_id": 9645,
      "start_row": 1181213,
      "goal_row": 1181263,
      "result": {
        "success": true,
        "env_success": false,
        "block_pos_dist": 13.275635719299316,
        "angle_dist": 0.06099897623062134,
        "c_real_state": 13.336634695529938,
        "oracle_rollouts": 36000,
        "oracle_env_steps": 900000,
        "cem_solves": 4,
        "elapsed_seconds": 99.48192811012268
      }
    },
    {
      "pair_id": 48,
      "cell": "D2xR0",
      "episode_id": 2181,
      "start_row": 261228,
      "goal_row": 261278,
      "result": {
        "success": true,
        "env_success": false,
        "block_pos_dist": 12.55784797668457,
        "angle_dist": 0.026719212532043457,
        "c_real_state": 12.584567189216614,
        "oracle_rollouts": 36000,
        "oracle_env_steps": 900000,
        "cem_solves": 4,
        "elapsed_seconds": 97.42533707618713
      }
    },
    {
      "pair_id": 54,
      "cell": "D2xR1",
      "episode_id": 2201,
      "start_row": 262802,
      "goal_row": 262852,
      "result": {
        "success": true,
        "env_success": false,
        "block_pos_dist": 1.4065049886703491,
        "angle_dist": 0.11783301830291748,
        "c_real_state": 1.5243380069732666,
        "oracle_rollouts": 36000,
        "oracle_env_steps": 900000,
        "cem_solves": 4,
        "elapsed_seconds": 100.29274106025696
      }
    },
    {
      "pair_id": 56,
      "cell": "D2xR1",
      "episode_id": 9562,
      "start_row": 1171287,
      "goal_row": 1171337,
      "result": {
        "success": true,
        "env_success": false,
        "block_pos_dist": 16.231687545776367,
        "angle_dist": 0.18745532631874084,
        "c_real_state": 16.419142872095108,
        "oracle_rollouts": 36000,
        "oracle_env_steps": 900000,
        "cem_solves": 4,
        "elapsed_seconds": 99.83976221084595
      }
    },
    {
      "pair_id": 59,
      "cell": "D2xR1",
      "episode_id": 13007,
      "start_row": 1632978,
      "goal_row": 1633028,
      "result": {
        "success": true,
        "env_success": false,
        "block_pos_dist": 12.376116752624512,
        "angle_dist": 0.0297355055809021,
        "c_real_state": 12.405852258205414,
        "oracle_rollouts": 36000,
        "oracle_env_steps": 900000,
        "cem_solves": 4,
        "elapsed_seconds": 99.19646382331848
      }
    },
    {
      "pair_id": 63,
      "cell": "D2xR2",
      "episode_id": 14379,
      "start_row": 1810413,
      "goal_row": 1810463,
      "result": {
        "success": false,
        "env_success": false,
        "block_pos_dist": 60.32122802734375,
        "angle_dist": 0.7724635601043701,
        "c_real_state": 61.09369158744812,
        "oracle_rollouts": 36000,
        "oracle_env_steps": 900000,
        "cem_solves": 4,
        "elapsed_seconds": 95.83450388908386
      }
    },
    {
      "pair_id": 69,
      "cell": "D2xR3",
      "episode_id": 3504,
      "start_row": 427894,
      "goal_row": 427944,
      "result": {
        "success": true,
        "env_success": false,
        "block_pos_dist": 6.374951362609863,
        "angle_dist": 0.10279881954193115,
        "c_real_state": 6.477750182151794,
        "oracle_rollouts": 36000,
        "oracle_env_steps": 900000,
        "cem_solves": 4,
        "elapsed_seconds": 99.02428913116455
      }
    },
    {
      "pair_id": 76,
      "cell": "D3xR0",
      "episode_id": 1022,
      "start_row": 126986,
      "goal_row": 127036,
      "result": {
        "success": true,
        "env_success": false,
        "block_pos_dist": 1.7886857986450195,
        "angle_dist": 0.07146358489990234,
        "c_real_state": 1.8601493835449219,
        "oracle_rollouts": 36000,
        "oracle_env_steps": 900000,
        "cem_solves": 4,
        "elapsed_seconds": 101.82086396217346
      }
    },
    {
      "pair_id": 77,
      "cell": "D3xR0",
      "episode_id": 10904,
      "start_row": 1350425,
      "goal_row": 1350475,
      "result": {
        "success": true,
        "env_success": false,
        "block_pos_dist": 1.3328086137771606,
        "angle_dist": 0.07166862487792969,
        "c_real_state": 1.4044772386550903,
        "oracle_rollouts": 36000,
        "oracle_env_steps": 900000,
        "cem_solves": 4,
        "elapsed_seconds": 130.62597489356995
      }
    },
    {
      "pair_id": 78,
      "cell": "D3xR0",
      "episode_id": 10116,
      "start_row": 1236973,
      "goal_row": 1237023,
      "result": {
        "success": true,
        "env_success": false,
        "block_pos_dist": 7.821437835693359,
        "angle_dist": 0.02501654624938965,
        "c_real_state": 7.846454381942749,
        "oracle_rollouts": 36000,
        "oracle_env_steps": 900000,
        "cem_solves": 4,
        "elapsed_seconds": 103.70951700210571
      }
    },
    {
      "pair_id": 79,
      "cell": "D3xR0",
      "episode_id": 5445,
      "start_row": 689834,
      "goal_row": 689884,
      "result": {
        "success": true,
        "env_success": true,
        "block_pos_dist": 5.556853771209717,
        "angle_dist": 0.03493857383728027,
        "c_real_state": 5.591792345046997,
        "oracle_rollouts": 36000,
        "oracle_env_steps": 900000,
        "cem_solves": 4,
        "elapsed_seconds": 104.66997814178467
      }
    },
    {
      "pair_id": 95,
      "cell": "D3xR3",
      "episode_id": 8838,