{
  "metadata": {
    "split": 1,
    "k": 150,
    "prefilter": "euclidean",
    "oracle_iters": "all",
    "oracle_iterations": [
      0,
      1,
      2,
      3,
      4,
      5,
      6,
      7,
      8,
      9,
      10,
      11,
      12,
      13,
      14,
      15,
      16,
      17,
      18,
      19,
      20,
      21,
      22,
      23,
      24,
      25,
      26,
      27,
      28,
      29
    ],
    "seed": 0,
    "device": "mps",
    "pairs": [
      7,
      29,
      33,
      41,
      48,
      54,
      56,
      59,
      63,
      69,
      76,
      77,
      78,
      79,
      95
    ],
    "output_path": "/Users/fengye/Desktop/Project/leWM/lewm-failure-audit/results/phase2/p2_0/oracle_budget_cem_corrected/split1_k150.json",
    "cem_config": {
      "num_samples": 300,
      "iterations": 30,
      "topk": 30,
      "var_scale": 1.0,
      "planning_horizon": 5,
      "receding_horizon": 5,
      "action_block": 5,
      "eval_budget": 100,
      "offset": 50
    }
  },
  "records": [
    {
      "pair_id": 7,
      "cell": "D0xR1",
      "episode_id": 3815,
      "start_row": 469368,
      "goal_row": 469418,
      "result": {
        "success": true,
        "env_success": true,
        "block_pos_dist": 1.2571464776992798,
        "angle_dist": 0.06710577011108398,
        "c_real_state": 1.3242522478103638,
        "oracle_rollouts": 18000,
        "oracle_env_steps": 450000,
        "cem_solves": 4,
        "elapsed_seconds": 54.153558015823364
      }
    },
    {
      "pair_id": 29,
      "cell": "D1xR0",
      "episode_id": 18084,
      "start_row": 2278026,
      "goal_row": 2278076,
      "result": {
        "success": true,
        "env_success": false,
        "block_pos_dist": 18.124757766723633,
        "angle_dist": 0.026364445686340332,
        "c_real_state": 18.151122212409973,
        "oracle_rollouts": 18000,
        "oracle_env_steps": 450000,
        "cem_solves": 4,
        "elapsed_seconds": 55.0450382232666
      }
    },
    {
      "pair_id": 33,
      "cell": "D1xR1",
      "episode_id": 11768,
      "start_row": 1474494,
      "goal_row": 1474544,
      "result": {
        "success": true,
        "env_success": true,
        "block_pos_dist": 2.592442512512207,
        "angle_dist": 0.02017158269882202,
        "c_real_state": 2.612614095211029,
        "oracle_rollouts": 18000,
        "oracle_env_steps": 450000,
        "cem_solves": 4,
        "elapsed_seconds": 54.874587059020996
      }
    },
    {
      "pair_id": 41,
      "cell": "D1xR2",
      "episode_id": 9645,
      "start_row": 1181213,
      "goal_row": 1181263,
      "result": {
        "success": true,
        "env_success": true,
        "block_pos_dist": 9.230451583862305,
        "angle_dist": 0.021046936511993408,
        "c_real_state": 9.251498520374298,
        "oracle_rollouts": 18000,
        "oracle_env_steps": 450000,
        "cem_solves": 4,
        "elapsed_seconds": 55.11399698257446
      }
    },
    {
      "pair_id": 48,
      "cell": "D2xR0",
      "episode_id": 2181,
      "start_row": 261228,
      "goal_row": 261278,
      "result": {
        "success": false,
        "env_success": false,
        "block_pos_dist": 50.96318435668945,
        "angle_dist": 0.10727274417877197,
        "c_real_state": 51.070457100868225,
        "oracle_rollouts": 18000,
        "oracle_env_steps": 450000,
        "cem_solves": 4,
        "elapsed_seconds": 55.06838893890381
      }
    },
    {
      "pair_id": 54,
      "cell": "D2xR1",
      "episode_id": 2201,
      "start_row": 262802,
      "goal_row": 262852,
      "result": {
        "success": true,
        "env_success": true,
        "block_pos_dist": 5.949841022491455,
        "angle_dist": 0.03684806823730469,
        "c_real_state": 5.98668909072876,
        "oracle_rollouts": 18000,
        "oracle_env_steps": 450000,
        "cem_solves": 4,
        "elapsed_seconds": 56.643733978271484
      }
    },
    {
      "pair_id": 56,
      "cell": "D2xR1",
      "episode_id": 9562,
      "start_row": 1171287,
      "goal_row": 1171337,
      "result": {
        "success": true,
        "env_success": true,
        "block_pos_dist": 2.777070999145508,
        "angle_dist": 0.1741238534450531,
        "c_real_state": 2.951194852590561,
        "oracle_rollouts": 18000,
        "oracle_env_steps": 450000,
        "cem_solves": 4,
        "elapsed_seconds": 56.3945050239563
      }
    },
    {
      "pair_id": 59,
      "cell": "D2xR1",
      "episode_id": 13007,
      "start_row": 1632978,
      "goal_row": 1633028,
      "result": {
        "success": true,
        "env_success": true,
        "block_pos_dist": 11.063258171081543,
        "angle_dist": 0.029179692268371582,
        "c_real_state": 11.092437863349915,
        "oracle_rollouts": 18000,
        "oracle_env_steps": 450000,
        "cem_solves": 4,
        "elapsed_seconds": 56.473430156707764
      }
    },
    {
      "pair_id": 63,
      "cell": "D2xR2",
      "episode_id": 14379,
      "start_row": 1810413,
      "goal_row": 1810463,
      "result": {
        "success": false,
        "env_success": false,
        "block_pos_dist": 72.23846435546875,
        "angle_dist": 0.37660473585128784,
        "c_real_state": 72.61506909132004,
        "oracle_rollouts": 18000,
        "oracle_env_steps": 450000,
        "cem_solves": 4,
        "elapsed_seconds": 54.65740704536438
      }
    },
    {
      "pair_id": 69,
      "cell": "D2xR3",
      "episode_id": 3504,
      "start_row": 427894,
      "goal_row": 427944,
      "result": {
        "success": true,
        "env_success": true,
        "block_pos_dist": 8.615950584411621,
        "angle_dist": 0.04214352369308472,
        "c_real_state": 8.658094108104706,
        "oracle_rollouts": 18000,
        "oracle_env_steps": 450000,
        "cem_solves": 4,
        "elapsed_seconds": 55.446730852127075
      }
    },
    {
      "pair_id": 76,
      "cell": "D3xR0",
      "episode_id": 1022,
      "start_row": 126986,
      "goal_row": 127036,
      "result": {
        "success": true,
        "env_success": true,
        "block_pos_dist": 15.520586013793945,
        "angle_dist": 0.18114244937896729,
        "c_real_state": 15.701728463172913,
        "oracle_rollouts": 18000,
        "oracle_env_steps": 450000,
        "cem_solves": 4,
        "elapsed_seconds": 55.88571810722351
      }
    },
    {
      "pair_id": 77,
      "cell": "D3xR0",
      "episode_id": 10904,
      "start_row": 1350425,
      "goal_row": 1350475,
      "result": {
        "success": true,
        "env_success": true,
        "block_pos_dist": 1.651682734489441,
        "angle_dist": 0.07122039794921875,
        "c_real_state": 1.7229031324386597,
        "oracle_rollouts": 18000,
        "oracle_env_steps": 450000,
        "cem_solves": 4,
        "elapsed_seconds": 66.74233293533325
      }
    },
    {
      "pair_id": 78,
      "cell": "D3xR0",
      "episode_id": 10116,
      "start_row": 1236973,
      "goal_row": 1237023,
      "result": {
        "success": true,
        "env_success": true,
        "block_pos_dist": 7.001800537109375,
        "angle_dist": 0.0862392783164978,
        "c_real_state": 7.088039815425873,
        "oracle_rollouts": 18000,
        "oracle_env_steps": 450000,
        "cem_solves": 4,
        "elapsed_seconds": 55.348145961761475
      }
    },
    {
      "pair_id": 79,
      "cell": "D3xR0",
      "episode_id": 5445,
      "start_row": 689834,
      "goal_row": 689884,
      "result": {
        "success": true,
        "env_success": true,
        "block_pos_dist": 15.699087142944336,
        "angle_dist": 0.1472017765045166,
        "c_real_state": 15.846288919448853,
        "oracle_rollouts": 18000,
        "oracle_env_steps": 450000,
        "cem_solves": 4,
        "elapsed_seconds": 57.84937500953674
      }
    },
    {
      "pair_id": 95,
      "cell": "D3xR3",
      "episode_id": 8838,