{
  "metadata": {
    "seed": 0,
    "device": "mps",
    "artifact": "/Users/fengye/Desktop/Project/leWM/lewm-failure-audit/results/phase2/p2_0/track_a_latents.pt",
    "pairs_path": "/Users/fengye/Desktop/Project/leWM/lewm-failure-audit/results/phase1/track_a_pairs.json",
    "model_checkpoint_dir": "/Users/fengye/Desktop/Project/leWM/lewm-failure-audit/checkpoints/converted/lewm-pusht",
    "cost_head_checkpoint": "/Users/fengye/Desktop/Project/leWM/lewm-failure-audit/results/phase2/p2_0/split3_small_mixed/split3_all_fail_strong_rho_small_seed0_best.pt",
    "variant": "small",
    "split": 3,
    "selected_pair_ids": [
      0,
      12,
      24,
      36,
      48,
      54,
      60,
      67,
      74,
      93
    ],
    "selected_cells": [
      "D0xR0",
      "D0xR2",
      "D1xR0",
      "D1xR2",
      "D2xR0",
      "D2xR1",
      "D2xR2",
      "D2xR3",
      "D3xR0",
      "D3xR3"
    ],
    "n_records": 800,
    "elapsed_seconds": 52.03335523605347
  },
  "latent_gap": {
    "l2_terminal_vs_predicted": {
      "n": 800,
      "mean": 9.01895593881607,
      "std": 3.910032825685152,
      "min": 2.290113925933838,
      "max": 21.286985397338867
    },
    "l2_terminal_vs_goal": {
      "n": 800,
      "mean": 16.632471786141394,
      "std": 4.242339710275178,
      "min": 5.596550941467285,
      "max": 21.802701950073242
    },
    "l2_predicted_vs_goal": {
      "n": 800,
      "mean": 14.88306492626667,
      "std": 6.109758607771207,
      "min": 1.6655489206314087,
      "max": 22.14201545715332
    },
    "mean_gap_to_goal_ratio": 0.5422499179840088,
    "z_goal_reencode_l2_check": {
      "n": 800,
      "mean": 0.0,
      "std": 0.0,
      "min": 0.0,
      "max": 0.0
    },
    "cmodel_reconstruction_abs_error": {
      "n": 800,
      "mean": 7.728338241577148e-06,
      "std": 1.3901199199965606e-05,
      "min": 0.0,
      "max": 6.103515625e-05
    },
    "per_dim": {
      "terminal_mean_mean": 0.011380016803741455,
      "predicted_mean_mean": 0.011882522143423557,
      "mean_abs_mean_shift": 0.09994063526391983,
      "terminal_std_mean": 0.941650390625,
      "predicted_std_mean": 0.9223339557647705,
      "mean_std_ratio_predicted_over_terminal": 0.9828763008117676
    }
  },
  "ranking": {
    "cpsi_on_terminal": {
      "global_spearman": 0.9032749985266845,
      "global_pairwise_accuracy": 0.8726328810748925,
      "per_pair_spearman_mean": 0.6284110070848059,
      "per_pair_spearman_std": 0.5263131416519349,
      "per_pair_pairwise_accuracy_mean": 0.8224183571225849,
      "per_pair": {
        "0": {
          "spearman": 0.8904852080614447,
          "pairwise_accuracy": 0.9884559884559885,
          "n_records": 80
        },
        "12": {
          "spearman": 0.9634301944610966,
          "pairwise_accuracy": 0.9787153173698213,
          "n_records": 80
        },
        "24": {
          "spearman": 0.6431012208418948,
          "pairwise_accuracy": 0.9905163329820864,
          "n_records": 80
        },
        "36": {
          "spearman": 0.9856645534911535,
          "pairwise_accuracy": 0.9549778059606848,
          "n_records": 80
        },
        "48": {
          "spearman": 0.9628258437976298,
          "pairwise_accuracy": 0.9434812760055479,
          "n_records": 80
        },
        "54": {
          "spearman": 0.9759936402570482,
          "pairwise_accuracy": 0.9699825479930192,
          "n_records": 80
        },
        "60": {
          "spearman": 0.12106608508875968,
          "pairwise_accuracy": 0.5316375198728139,
          "n_records": 80
        },
        "67": {
          "spearman": 0.47408575127727337,
          "pairwise_accuracy": 0.6718188353702372,
          "n_records": 80
        },
        "74": {
          "spearman": 0.9875453557032727,
          "pairwise_accuracy": 0.9566318455207344,
          "n_records": 80
        },
        "93": {
          "spearman": -0.7200877821315144,
          "pairwise_accuracy": 0.23796610169491525,
          "n_records": 80
        }
      }
    },
    "cpsi_on_predicted": {
      "global_spearman": 0.8389749810099838,
      "global_pairwise_accuracy": 0.8296694258379502,
      "per_pair_spearman_mean": 0.6206671145983144,
      "per_pair_spearman_std": 0.4872022451874728,
      "per_pair_pairwise_accuracy_mean": 0.8067386125903664,
      "per_pair": {
        "0": {
          "spearman": 0.8612713641099138,
          "pairwise_accuracy": 0.9384319384319384,
          "n_records": 80
        },
        "12": {
          "spearman": 0.9304836009319971,
          "pairwise_accuracy": 0.9403268719118206,
          "n_records": 80
        },
        "24": {
          "spearman": 0.6374582547274624,
          "pairwise_accuracy": 0.9841938883034773,
          "n_records": 80
        },
        "36": {
          "spearman": 0.9459180699594677,
          "pairwise_accuracy": 0.9071020925808497,
          "n_records": 80
        },
        "48": {
          "spearman": 0.9278920216927525,
          "pairwise_accuracy": 0.9119278779472955,
          "n_records": 80
        },
        "54": {
          "spearman": 0.9743307415702713,
          "pairwise_accuracy": 0.9633507853403142,
          "n_records": 80
        },
        "60": {
          "spearman": 0.16661880131408166,
          "pairwise_accuracy": 0.5662957074721781,
          "n_records": 80
        },
        "67": {
          "spearman": 0.4141218903061095,
          "pairwise_accuracy": 0.6524083393242271,
          "n_records": 80
        },
        "74": {
          "spearman": 0.963882816957579,
          "pairwise_accuracy": 0.9240265906932573,
          "n_records": 80
        },
        "93": {
          "spearman": -0.6153064155864919,
          "pairwise_accuracy": 0.27932203389830507,
          "n_records": 80
        }
      }
    },
    "euclidean_on_terminal": {
      "global_spearman": 0.5295543564302605,
      "global_pairwise_accuracy": 0.6806511468765216,
      "per_pair_spearman_mean": 0.48044280719735727,
      "per_pair_spearman_std": 0.30183594535359853,
      "per_pair_pairwise_accuracy_mean": 0.7144517761272295,
      "per_pair": {
        "0": {
          "spearman": 0.6276110552763022,
          "pairwise_accuracy": 0.8172198172198172,
          "n_records": 80
        },
        "12": {
          "spearman": 0.5847480434980122,
          "pairwise_accuracy": 0.7156974534397568,
          "n_records": 80
        },
        "24": {
          "spearman": 0.5668506638071863,
          "pairwise_accuracy": 0.9293993677555321,
          "n_records": 80
        },
        "36": {
          "spearman": 0.7859880679551589,
          "pairwise_accuracy": 0.807863031071655,
          "n_records": 80
        },
        "48": {
          "spearman": 0.8385411339385043,
          "pairwise_accuracy": 0.8585298196948682,
          "n_records": 80
        },
        "54": {
          "spearman": 0.7325768481694804,
          "pairwise_accuracy": 0.7958115183246073,
          "n_records": 80
        },
        "60": {
          "spearman": -0.018796022701915913,
          "pairwise_accuracy": 0.49348171701112875,
          "n_records": 80
        },
        "67": {
          "spearman": 0.348853279518201,
          "pairwise_accuracy": 0.6308411214953271,
          "n_records": 80
        },
        "74": {
          "spearman": -0.08133912451749037,
          "pairwise_accuracy": 0.4821145932257043,
          "n_records": 80
        },
        "93": {
          "spearman": 0.4193941270301333,
          "pairwise_accuracy": 0.6135593220338983,
          "n_records": 80
        }
      }
    },
    "euclidean_on_predicted": {
      "global_spearman": 0.5057330534730816,
      "global_pairwise_accuracy": 0.6742489044466963,
      "per_pair_spearman_mean": 0.3650700797477626,
      "per_pair_spearman_std": 0.3819511240889858,
      "per_pair_pairwise_accuracy_mean": 0.6625132394396542,