{
  "metadata": {
    "seed": 0,
    "device": "mps",
    "artifact": "/Users/fengye/Desktop/Project/leWM/lewm-failure-audit/results/phase2/p2_0/track_a_latents.pt",
    "pairs_path": "/Users/fengye/Desktop/Project/leWM/lewm-failure-audit/results/phase1/track_a_pairs.json",
    "model_checkpoint_dir": "/Users/fengye/Desktop/Project/leWM/lewm-failure-audit/checkpoints/converted/lewm-pusht",
    "cost_head_checkpoint": "/Users/fengye/Desktop/Project/leWM/lewm-failure-audit/results/phase2/p2_0/split3_small/split3_all_fail_strong_rho_small_seed0_best.pt",
    "variant": "small",
    "split": 3,
    "selected_pair_ids": [
      0,
      12,
      24,
      36,
      48,
      54,
      60,
      67,
      74,
      93
    ],
    "selected_cells": [
      "D0xR0",
      "D0xR2",
      "D1xR0",
      "D1xR2",
      "D2xR0",
      "D2xR1",
      "D2xR2",
      "D2xR3",
      "D3xR0",
      "D3xR3"
    ],
    "n_records": 800,
    "elapsed_seconds": 48.56467270851135
  },
  "latent_gap": {
    "l2_terminal_vs_predicted": {
      "n": 800,
      "mean": 9.01895593881607,
      "std": 3.910032825685152,
      "min": 2.290113925933838,
      "max": 21.286985397338867
    },
    "l2_terminal_vs_goal": {
      "n": 800,
      "mean": 16.632471786141394,
      "std": 4.242339710275178,
      "min": 5.596550941467285,
      "max": 21.802701950073242
    },
    "l2_predicted_vs_goal": {
      "n": 800,
      "mean": 14.88306492626667,
      "std": 6.109758607771207,
      "min": 1.6655489206314087,
      "max": 22.14201545715332
    },
    "mean_gap_to_goal_ratio": 0.5422499179840088,
    "z_goal_reencode_l2_check": {
      "n": 800,
      "mean": 0.0,
      "std": 0.0,
      "min": 0.0,
      "max": 0.0
    },
    "cmodel_reconstruction_abs_error": {
      "n": 800,
      "mean": 7.728338241577148e-06,
      "std": 1.3901199199965606e-05,
      "min": 0.0,
      "max": 6.103515625e-05
    },
    "per_dim": {
      "terminal_mean_mean": 0.011380016803741455,
      "predicted_mean_mean": 0.011882522143423557,
      "mean_abs_mean_shift": 0.09994063526391983,
      "terminal_std_mean": 0.941650390625,
      "predicted_std_mean": 0.9223339557647705,
      "mean_std_ratio_predicted_over_terminal": 0.9828763008117676
    }
  },
  "ranking": {
    "cpsi_on_terminal": {
      "global_spearman": 0.8811231750809446,
      "global_pairwise_accuracy": 0.8561337825211544,
      "per_pair_spearman_mean": 0.7105208356738737,
      "per_pair_spearman_std": 0.3521766121436667,
      "per_pair_pairwise_accuracy_mean": 0.8582870915790022,
      "per_pair": {
        "0": {
          "spearman": 0.8922441782238939,
          "pairwise_accuracy": 0.9927849927849928,
          "n_records": 80
        },
        "12": {
          "spearman": 0.9651050860824372,
          "pairwise_accuracy": 0.9817559863169898,
          "n_records": 80
        },
        "24": {
          "spearman": 0.6435035019581451,
          "pairwise_accuracy": 0.9947312961011591,
          "n_records": 80
        },
        "36": {
          "spearman": 0.995287940319745,
          "pairwise_accuracy": 0.976854787571338,
          "n_records": 80
        },
        "48": {
          "spearman": 0.9887700390697158,
          "pairwise_accuracy": 0.9833564493758669,
          "n_records": 80
        },
        "54": {
          "spearman": 0.976076941041434,
          "pairwise_accuracy": 0.9699825479930192,
          "n_records": 80
        },
        "60": {
          "spearman": 0.1530298766579567,
          "pairwise_accuracy": 0.5577106518282989,
          "n_records": 80
        },
        "67": {
          "spearman": 0.4673626688026185,
          "pairwise_accuracy": 0.6498921639108555,
          "n_records": 80
        },
        "74": {
          "spearman": 0.9915542879103606,
          "pairwise_accuracy": 0.9683444127888572,
          "n_records": 80
        },
        "93": {
          "spearman": 0.03227383667242952,
          "pairwise_accuracy": 0.5074576271186441,
          "n_records": 80
        }
      }
    },
    "cpsi_on_predicted": {
      "global_spearman": 0.7676133197322382,
      "global_pairwise_accuracy": 0.7848471489294503,
      "per_pair_spearman_mean": 0.5642523064490194,
      "per_pair_spearman_std": 0.41180056493384787,
      "per_pair_pairwise_accuracy_mean": 0.75556925761289,
      "per_pair": {
        "0": {
          "spearman": 0.7279603028440211,
          "pairwise_accuracy": 0.8571428571428571,
          "n_records": 80
        },
        "12": {
          "spearman": 0.8881642862744132,
          "pairwise_accuracy": 0.9026985936906119,
          "n_records": 80
        },
        "24": {
          "spearman": 0.5195861364099845,
          "pairwise_accuracy": 0.8872497365648051,
          "n_records": 80
        },
        "36": {
          "spearman": 0.893465394489912,
          "pairwise_accuracy": 0.8601775523145212,
          "n_records": 80
        },
        "48": {
          "spearman": 0.6883481111944627,
          "pairwise_accuracy": 0.7444521497919556,
          "n_records": 80
        },
        "54": {
          "spearman": 0.8741407537534559,
          "pairwise_accuracy": 0.8802792321116929,
          "n_records": 80
        },
        "60": {
          "spearman": 0.27103543842830985,
          "pairwise_accuracy": 0.6,
          "n_records": 80
        },
        "67": {
          "spearman": 0.3356054916406894,
          "pairwise_accuracy": 0.6135873472322071,
          "n_records": 80
        },
        "74": {
          "spearman": 0.9184887394012583,
          "pairwise_accuracy": 0.8812915479582146,
          "n_records": 80
        },
        "93": {
          "spearman": -0.4742715899463141,
          "pairwise_accuracy": 0.3288135593220339,
          "n_records": 80
        }
      }
    },
    "euclidean_on_terminal": {
      "global_spearman": 0.5295543564302605,
      "global_pairwise_accuracy": 0.6806511468765216,
      "per_pair_spearman_mean": 0.48044280719735727,
      "per_pair_spearman_std": 0.30183594535359853,
      "per_pair_pairwise_accuracy_mean": 0.7144517761272295,
      "per_pair": {
        "0": {
          "spearman": 0.6276110552763022,
          "pairwise_accuracy": 0.8172198172198172,
          "n_records": 80
        },
        "12": {
          "spearman": 0.5847480434980122,
          "pairwise_accuracy": 0.7156974534397568,
          "n_records": 80
        },
        "24": {
          "spearman": 0.5668506638071863,
          "pairwise_accuracy": 0.9293993677555321,
          "n_records": 80
        },
        "36": {
          "spearman": 0.7859880679551589,
          "pairwise_accuracy": 0.807863031071655,
          "n_records": 80
        },
        "48": {
          "spearman": 0.8385411339385043,
          "pairwise_accuracy": 0.8585298196948682,
          "n_records": 80
        },
        "54": {
          "spearman": 0.7325768481694804,
          "pairwise_accuracy": 0.7958115183246073,
          "n_records": 80
        },
        "60": {
          "spearman": -0.018796022701915913,
          "pairwise_accuracy": 0.49348171701112875,
          "n_records": 80
        },
        "67": {
          "spearman": 0.348853279518201,
          "pairwise_accuracy": 0.6308411214953271,
          "n_records": 80
        },
        "74": {
          "spearman": -0.08133912451749037,
          "pairwise_accuracy": 0.4821145932257043,
          "n_records": 80
        },
        "93": {
          "spearman": 0.4193941270301333,
          "pairwise_accuracy": 0.6135593220338983,
          "n_records": 80
        }
      }
    },
    "euclidean_on_predicted": {
      "global_spearman": 0.5057330534730816,
      "global_pairwise_accuracy": 0.6742489044466963,
      "per_pair_spearman_mean": 0.3650700797477626,
      "per_pair_spearman_std": 0.3819511240889858,
      "per_pair_pairwise_accuracy_mean": 0.6625132394396542,
      "per_pair": {
        "0": {
          "spearman": 0.5670576847859949,