{
  "split": 3,
  "fold": "all_fail_strong_rho",
  "variant": "large",
  "seed": 0,
  "best_epoch": 8,
  "train_examples": 6080,
  "val_examples": 640,
  "test_examples": 1280,
  "train_triples": 206354,
  "val_triples": 20078,
  "test_triples": 46682,
  "test_loss": 0.1170438505493069,
  "test_pairwise_accuracy": 0.6738357396855319,
  "test_spearman_C_psi_vs_C_v1": 0.4789984375708682,
  "test_per_pair_spearman_mean": 0.46040952234185867,
  "test_per_pair_spearman_std": 0.3217829395180612,
  "checkpoint_path": "/Users/fengye/Desktop/Project/leWM/lewm-failure-audit/results/phase2/p2_0/split3_large/split3_all_fail_strong_rho_large_seed0_best.pt",
  "test_per_pair_spearman": {
    "25": {
      "spearman": 0.6162563501703421,
      "n_records": 80
    },
    "46": {
      "spearman": -0.15473942429256693,
      "n_records": 80
    },
    "60": {
      "spearman": 0.46619530044009655,
      "n_records": 80
    },
    "61": {
      "spearman": 0.7140100981199079,
      "n_records": 80
    },
    "67": {
      "spearman": 0.6629585843824511,
      "n_records": 80
    },
    "70": {
      "spearman": 0.4973481719270495,
      "n_records": 80
    },
    "71": {
      "spearman": 0.35041140739460186,
      "n_records": 80
    },
    "73": {
      "spearman": 0.6031039963827031,
      "n_records": 80
    },
    "78": {
      "spearman": 0.8844064201334718,
      "n_records": 80
    },
    "86": {
      "spearman": 0.5903027829829518,
      "n_records": 80
    },
    "87": {
      "spearman": 0.8310290885654779,
      "n_records": 80
    },
    "93": {
      "spearman": -0.3901037851638125,
      "n_records": 80
    },
    "94": {
      "spearman": 0.39530809304917647,
      "n_records": 80
    },
    "96": {
      "spearman": 0.41985460217169496,
      "n_records": 80
    },
    "97": {
      "spearman": 0.5993665914875533,
      "n_records": 80
    },
    "99": {
      "spearman": 0.28084407971864006,
      "n_records": 80
    }
  }
}
