{
  "split": 1,
  "fold": "random_70_15_15",
  "variant": "small",
  "seed": 0,
  "best_epoch": 7,
  "train_examples": 5600,
  "val_examples": 1200,
  "test_examples": 1200,
  "train_triples": 187394,
  "val_triples": 42704,
  "test_triples": 43016,
  "test_loss": 0.09756405030733838,
  "test_pairwise_accuracy": 0.7773154175190626,
  "test_spearman_C_psi_vs_C_v1": 0.4422086509507407,
  "test_per_pair_spearman_mean": 0.6509587494563449,
  "test_per_pair_spearman_std": 0.3358641632316912,
  "checkpoint_path": "/Users/fengye/Desktop/Project/leWM/lewm-failure-audit/results/phase2/p2_0/split1_small/split1_random_70_15_15_small_seed0_best.pt",
  "test_per_pair_spearman": {
    "7": {
      "spearman": 0.4050325375750747,
      "n_records": 80
    },
    "29": {
      "spearman": 0.22583817179182292,
      "n_records": 80
    },
    "33": {
      "spearman": 0.8789956761589106,
      "n_records": 80
    },
    "41": {
      "spearman": 0.9059288039766198,
      "n_records": 80
    },
    "48": {
      "spearman": 0.7062269276058993,
      "n_records": 80
    },
    "54": {
      "spearman": 0.9024033473081594,
      "n_records": 80
    },
    "56": {
      "spearman": 0.8733802589671331,
      "n_records": 80
    },
    "59": {
      "spearman": 0.8542855855836055,
      "n_records": 80
    },
    "63": {
      "spearman": 0.9225810631614175,
      "n_records": 80
    },
    "69": {
      "spearman": 0.49696188378224093,
      "n_records": 80
    },
    "76": {
      "spearman": -0.3641904404947878,
      "n_records": 80
    },
    "77": {
      "spearman": 0.7148908883527637,
      "n_records": 80
    },
    "78": {
      "spearman": 0.7107522849799889,
      "n_records": 80
    },
    "79": {
      "spearman": 0.6797106615762004,
      "n_records": 80
    },
    "95": {
      "spearman": 0.8515835915201256,
      "n_records": 80
    }
  }
}
