{
  "threshold_info": {
    "threshold": 20.21269154548645,
    "method": "empirical_max_successful_C_real_state_upper_bound",
    "n_success_records": 1301,
    "empirical_max_successful_C_real_state": 20.21269154548645,
    "direct_success_criterion": {
      "source": "lewm_audit.diagnostics.three_cost.block_pose_metrics",
      "block_pos_dist_lt_px": 20.0,
      "angle_dist_lt_rad": 0.3490658503988659,
      "c_real_state_definition": "block_pos_dist + angle_dist",
      "c_real_state_direct_upper_bound": 20.349065850398866
    },
    "unique_scalar_threshold": false,
    "note": "C_real_state is a sum while success is a conjunction, so this scalar threshold is an observed upper-bound proxy, not an equivalent success rule."
  },
  "row_stats": {
    "D0": {
      "n_pairs": 24,
      "n_records": 1920,
      "C_real_z": {
        "mean": 245.51983831649025,
        "std": 134.29729932401128,
        "median": 276.8110656738281,
        "iqr": 245.25277709960938,
        "min": 5.417054653167725,
        "max": 472.9422607421875
      },
      "C_model": {
        "mean": 214.68795210039244,
        "std": 155.43072720499774,
        "median": 247.17243194580078,
        "iqr": 329.00290393829346,
        "min": 0.9436471462249756,
        "max": 490.587890625
      },
      "C_real_state": {
        "mean": 32.9722587640174,
        "std": 49.0234374542518,
        "median": 10.484579447899954,
        "iqr": 32.37075010687113,
        "min": 0.043992821127176285,
        "max": 344.9983933568001
      },
      "C_model_dynamic_range": 489.644243478775,
      "C_real_z_dynamic_range": 467.5252060890198,
      "best_C_real_state_per_pair": [
        8.287926733493805,
        2.939910888671875,
        5.522259920835495,
        4.668750643730164,
        0.2107471376657486,
        0.043992821127176285,
        3.9177973568439484,
        0.8616787195205688,
        0.3505452871322632,
        0.281230628490448,
        0.35300377011299133,
        1.8645859956741333,
        0.690671443939209,
        0.8663694858551025,
        4.529191851615906,
        3.6283701062202454,
        7.020507395267487,
        6.927346587181091,
        4.660096947346823,
        0.9774489998817444,
        9.497588351368904,
        11.848018884658813,
        6.690964460372925,
        2.569182828068733
      ],
      "median_best_C_real_state": 3.28414049744606,
      "n_pairs_with_min_C_real_state_below_success_threshold": 24,
      "pairwise_pearson": {
        "pearson_C_model_vs_C_real_z": 0.8653781273387151,
        "pearson_C_real_z_vs_C_real_state": 0.32337203447325646,
        "pearson_C_model_vs_C_real_state": 0.2206852431228369
      }
    },
    "D1": {
      "n_pairs": 24,
      "n_records": 1920,
      "C_real_z": {
        "mean": 284.8749499872327,
        "std": 108.46407539231582,
        "median": 312.79298400878906,
        "iqr": 152.44647216796875,
        "min": 12.09487247467041,
        "max": 496.15838623046875
      },
      "C_model": {
        "mean": 246.7267507830014,
        "std": 136.451875806066,
        "median": 278.34901428222656,
        "iqr": 192.0028305053711,
        "min": 2.040792465209961,
        "max": 481.2866516113281
      },
      "C_real_state": {
        "mean": 52.865015803034474,
        "std": 47.584618312299085,
        "median": 41.52244662493467,
        "iqr": 40.09033100306988,
        "min": 0.6946240663528442,
        "max": 313.48432374397385
      },
      "C_model_dynamic_range": 479.24585914611816,
      "C_real_z_dynamic_range": 484.06351375579834,
      "best_C_real_state_per_pair": [
        0.6946240663528442,
        13.209682703018188,
        3.8892776370048523,
        2.8324561715126038,
        11.755091547966003,
        10.97327446937561,
        16.408134192228317,
        5.5636138916015625,
        3.786439363156454,
        47.67790129780769,
        7.942652836441994,
        0.700519859790802,
        17.506406724452972,
        30.713283956050873,
        4.829649865627289,
        4.063890337944031,
        24.258044068013326,
        3.182785212993622,
        34.49830102920532,
        32.239925384521484,
        30.923354212437765,
        10.167007688676016,
        19.00973189273943,
        28.968156162892477
      ],
      "median_best_C_real_state": 11.364183008670807,
      "n_pairs_with_min_C_real_state_below_success_threshold": 17,
      "pairwise_pearson": {
        "pearson_C_model_vs_C_real_z": 0.8479470672301325,
        "pearson_C_real_z_vs_C_real_state": 0.3926035715531268,
        "pearson_C_model_vs_C_real_state": 0.281697226945023
      }
    },
    "D2": {
      "n_pairs": 26,
      "n_records": 2080,
      "C_real_z": {
        "mean": 321.92671169959584,
        "std": 100.6078412098045,
        "median": 348.5159149169922,
        "iqr": 113.75938415527344,
        "min": 9.669434547424316,
        "max": 513.37841796875
      },
      "C_model": {
        "mean": 271.58370043847424,
        "std": 139.71837451695052,
        "median": 321.4264831542969,
        "iqr": 188.8701515197754,
        "min": 1.6243582963943481,
        "max": 497.8394775390625
      },
      "C_real_state": {
        "mean": 78.85280040609433,
        "std": 51.361861409484526,
        "median": 67.0204536318779,
        "iqr": 69.31417253613472,
        "min": 1.4194791316986084,
        "max": 408.0982303619385
      },
      "C_model_dynamic_range": 496.21511924266815,
      "C_real_z_dynamic_range": 503.7089834213257,
      "best_C_real_state_per_pair": [
        3.505568027496338,
        116.16563928127289,
        7.20784330368042,
        3.4411489367485046,
        10.220725417137146,
        29.795866936445236,
        1.9341717958450317,
        8.056820392608643,
        27.92895156890154,
        12.189908981323242,
        1.9940810799598694,
        1.4194791316986084,
        45.78928673664202,
        25.05440402030945,
        83.6771737078773,
        13.713570177555084,
        30.27684497833252,
        2.8167667388916016,
        61.926536560058594,
        2.433196187019348,
        19.802995920181274,
        27.855495993291036,
        13.119751040135519,
        19.805642127990723,
        6.472468018531799,
        13.600435972213745
      ],
      "median_best_C_real_state": 13.360093506174632,
      "n_pairs_with_min_C_real_state_below_success_threshold": 17,
      "pairwise_pearson": {
        "pearson_C_model_vs_C_real_z": 0.7474180536101596,
        "pearson_C_real_z_vs_C_real_state": 0.45129461101971496,
        "pearson_C_model_vs_C_real_state": 0.4529494092398729
      }
    },
    "D3": {
      "n_pairs": 26,
      "n_records": 2080,
      "C_real_z": {
        "mean": 311.3961750207039,
        "std": 118.50299029966096,
        "median": 353.26658630371094,
        "iqr": 118.178466796875,
        "min": 4.179964542388916,
        "max": 494.96832275390625
      },
      "C_model": {
        "mean": 264.40378310049954,
        "std": 148.09865678837164,
        "median": 314.36668395996094,
        "iqr": 234.57019805908203,
        "min": 1.6508424282073975,
        "max": 486.1903381347656
      },
      "C_real_state": {
        "mean": 104.77403632851917,
        "std": 58.38136994199057,
        "median": 121.76068687438965,
        "iqr": 85.10500144958496,
        "min": 1.9122095704078674,
        "max": 339.2975907921791
      },
      "C_model_dynamic_range": 484.5394957065582,
      "C_real_z_dynamic_range": 490.78835821151733,